Origin,ZIP,Distribution,Parameters,Chi-square,P-value
ONode3,91214,lognorm,"(0.9800813054999753, 0.552204325369664, 2.2968487001700315)",93.7568878079569,1e-05
ONode2,91214,expon,"(1.0, 2.6610169491525424)",102.49720936189425,0.0
ONode0,91214,lognorm,"(0.9429157407301012, 0.5197463294442284, 2.228921075580499)",98.3222118719592,0.0
ONode1,91214,lognorm,"(0.91537754175734, 0.4749903416173422, 2.258654204415472)",91.65846098109401,0.0
ONode3,90710,norm,"(111.77260273972603, 22.106970699300224)",1.4907775517205533,0.67942
ONode2,90710,lognorm,"(0.07470404748692183, -151.62410673335322, 251.83839266005936)",1.035614206041058,0.85576
ONode0,90710,lognorm,"(0.09934716987735093, -78.2668044845366, 183.79207735304408)",1.9242904154546105,0.76819
ONode1,90710,lognorm,"(0.08731359446344791, -101.85789449027801, 199.2148961620037)",1.290840193577453,0.76777
ONode3,90717,lognorm,"(0.33616944646030433, -5.036670346526291, 12.2149599997285)",5.154903309270475,0.16227
ONode2,90717,lognorm,"(0.3760492809350198, -3.5711180588030267, 9.523792677119323)",12.93127888825253,0.00111
ONode0,90717,lognorm,"(0.3414278865457179, -4.843771781729991, 11.734475269325394)",5.526980113412769,0.05442
ONode1,90717,lognorm,"(0.4361294323888981, -2.4599308231969923, 8.506776789044132)",10.07904756681278,0.05126
ONode3,90210,norm,"(98.13972602739726, 19.06670870252275)",1.0834963233331703,0.61316
ONode2,90210,norm,"(86.69315068493151, 17.474336005705847)",1.0481971861795447,0.8924
ONode0,90210,lognorm,"(3.4752757627912776, 46.999987731006385, 2.1602376155072163)",0.781627094941074,0.94778
ONode1,90210,lognorm,"(0.12431214601650617, -46.231050521388866, 128.08186541337136)",0.6293648713105165,0.51987
ONode3,90731,norm,"(412.6027397260274, 51.6027873639281)",0.7632806183075688,0.73434
ONode2,90731,lognorm,"(0.0833072111845073, -222.6138960495057, 591.2336277683435)",0.6951177957112501,0.48322
ONode0,90731,lognorm,"(5.014533740354083, 272.99999999999216, 0.6524198141453664)",1.2301635904302115,0.81263
ONode1,90731,lognorm,"(1.0235595461731002, 235.99999721231086, 105.28184544312506)",0.9495655919969169,0.95371
ONode3,90732,lognorm,"(0.12104602821315821, -54.42646831261632, 195.34309260649508)",1.282276699103492,0.84651
ONode2,90732,lognorm,"(4.159809863491267, 75.99999996322505, 1.2055379451714354)",0.8237425654451083,0.71073
ONode0,90732,norm,"(135.6821917808219, 21.93559278461686)",1.5848851330450393,0.6878
ONode1,90732,lognorm,"(0.08067803281089655, -154.3579867732002, 277.25983825256225)",0.7717035107087137,0.9103
ONode3,90230,lognorm,"(3.1187992435766376, 37.99986309697489, 2.3217711325004764)",2.9644255114206794,0.30054
ONode2,90230,norm,"(66.71506849315068, 13.971043157657087)",2.449860895561238,0.55545
ONode0,90230,lognorm,"(0.13885938411325766, -39.62311019393769, 109.8405018326566)",3.1476612195380165,0.61577
ONode1,90230,lognorm,"(0.17851985588812952, -17.438246883413186, 80.08100568174874)",1.474014311718717,0.64695
ONode3,90744,lognorm,"(0.05069024412707882, -535.7996499997056, 859.8452714456334)",1.857140105240759,0.35856
ONode2,90744,lognorm,"(0.14118173955729646, 5.781594454180734, 286.0056994727905)",1.1136757889600315,0.79458
ONode0,90744,norm,"(315.4246575342466, 44.29363967087912)",0.9451703014335988,0.96553
ONode1,90744,norm,"(278.9917808219178, 37.012288790160056)",0.618441623599932,0.98131
ONode3,90232,lognorm,"(0.3692342350715723, -3.784005673182407, 10.104449468524617)",5.234265344074356,0.04637
ONode2,90232,lognorm,"(0.4713008948406166, -2.0121678633821825, 7.558707664091104)",5.012213546471491,0.00719
ONode0,90232,lognorm,"(0.4300553400577193, -2.441034117458006, 8.24522944147045)",13.556463971481522,0.01606
ONode1,90232,lognorm,"(0.47916121377909615, -1.9501774031659476, 7.190456287271331)",5.227687564098303,0.02046
ONode3,90247,norm,"(56.131506849315066, 13.485424670781525)",0.29698958676366893,0.32392
ONode2,90247,lognorm,"(0.0785486014643246, -106.46345328506325, 157.14526075198125)",0.30156066427454975,0.63138
ONode0,90247,norm,"(53.88767123287671, 12.973143441017958)",1.8043049556309145,0.53493
ONode1,90247,lognorm,"(0.11318728934717265, -55.84402942526732, 103.57314113746688)",0.5221581558099238,0.50056
ONode3,90248,norm,"(36.55068493150685, 10.095748776910272)",1.3885734708917516,0.3964
ONode2,90248,norm,"(33.92876712328767, 9.812229990380606)",1.1864306163940876,0.02332
ONode0,90248,norm,"(36.0, 9.754240384543127)",1.3688812524804137,0.29643
ONode1,90248,lognorm,"(0.11465757986234926, -50.002671259652644, 81.30056304945393)",2.119929870589846,0.51916
ONode3,90272,norm,"(217.72054794520548, 31.75641434032738)",0.8906791016844328,0.92591
ONode2,90272,lognorm,"(0.1036404458110097, -96.67330061810473, 290.24505482031805)",1.4247023578605784,0.46348
ONode0,90272,norm,"(208.72876712328767, 29.279201461208643)",2.0251594476026797,0.69239
ONode1,90272,lognorm,"(0.05435530261166398, -344.533525289448, 531.1674769753574)",1.052635707768512,0.91752
ONode3,91303,lognorm,"(0.1366496597245512, -35.48542038884537, 133.24839394457646)",1.6064280295895044,0.52456
ONode2,91303,lognorm,"(0.20186618843459098, 5.433801980922661, 83.187995394854)",2.0182636238958502,0.74563
ONode0,91303,lognorm,"(0.15189934874211988, -20.083795529339433, 113.54744757413184)",1.2246990128123865,0.87117
ONode1,91303,lognorm,"(0.06602038295022328, -160.4521322447869, 245.33352394609224)",1.2215339583098852,0.69793
ONode3,91304,norm,"(227.8958904109589, 32.88060776009047)",0.6015179821863038,0.70476
ONode2,91304,lognorm,"(0.05127557897451031, -413.99886631926586, 615.9448162359739)",0.675821162329983,0.91074
ONode0,91304,lognorm,"(0.08804476716092305, -136.87780873552623, 355.12660146961093)",1.9481860170486773,0.89342
ONode1,91304,lognorm,"(0.07029149083304514, -193.17702386822916, 385.8748230758363)",1.7149112428313036,0.7706
ONode3,91306,norm,"(220.4931506849315, 31.708830837589755)",0.7348312911629424,0.65245
ONode2,91306,lognorm,"(0.11235031114744082, -58.31541645787897, 254.55335796982996)",2.163032777024665,0.91674
ONode0,91306,lognorm,"(0.06917077829304895, -236.9794945598365, 446.19596020406607)",0.28997481341226594,0.95352
ONode1,91306,lognorm,"(0.09098333744199213, -134.10382883858838, 319.6679428926718)",0.7652888895205585,0.8513
ONode3,91307,lognorm,"(4.337613072224784, 88.99999998973593, 1.5249860894664655)",1.0792259347513948,0.94511
ONode2,91307,lognorm,"(0.0740508539817764, -172.73689886049954, 318.164720970251)",1.6156838799302424,0.51857
ONode0,91307,norm,"(155.2821917808219, 26.292138220053502)",0.77949061062933,0.79989
ONode1,91307,norm,"(137.15890410958903, 22.35031081035725)",0.6975678104941663,0.92615
ONode3,91311,lognorm,"(0.0809502737738332, -165.79258899807866, 407.2014823145596)",0.7677956845099492,0.85501
ONode2,91311,lognorm,"(0.11927580388282691, -64.06155585067577, 274.10769670122033)",1.0097477232773266,0.79414
ONode0,91311,norm,"(232.54246575342466, 34.93377655801032)",0.5864210899809903,0.86569
ONode1,91311,norm,"(206.1041095890411, 28.46666129051818)",1.126587245100494,0.8102
ONode3,90291,lognorm,"(0.012013315139270293, -2739.109704923394, 2993.157727283078)",2.3149212115364537,0.70019
ONode2,90291,lognorm,"(0.12887440476569678, -22.351463265701213, 246.80024726982856)",0.9440551509828696,0.96387
ONode0,90291,lognorm,"(4.369851936600208, 140.9999999932868, 1.3194658117176563)",0.30349117344304205,0.99888
ONode1,90291,norm,"(214.84383561643835, 32.68714709619129)",1.3412295742680227,0.79021
ONode3,90292,norm,"(57.92328767123288, 13.221594214571082)",0.7580724087999692,0.52185
ONode2,90292,norm,"(52.635616438356166, 12.912830720749943)",0.32040380117060685,0.6186
ONode0,90292,lognorm,"(0.14183887241463644, -30.37542821613153, 85.61180719773398)",1.3996277329618707,0.70276
ONode1,90292,norm,"(50.76712328767123, 11.36266482822136)",1.3546580082455646,0.63934
ONode3,90293,lognorm,"(0.03982449341021432, -300.2558707589018, 371.9531297889105)",1.367614054957968,0.81063
ONode2,90293,lognorm,"(0.18294792794885428, -13.492290537589106, 77.10466625463802)",2.103397707201895,0.74209
ONode0,90293,lognorm,"(0.09276260685378537, -80.86864403692383, 149.73808113053786)",1.9674586207677285,0.92973
ONode1,90293,lognorm,"(0.11738690608824082, -61.91219985682051, 121.592493119931)",1.9728431981193486,0.84591
ONode3,91316,norm,"(144.24109589041095, 21.525186493815674)",1.6089112909213108,0.70685
ONode2,91316,norm,"(130.73424657534247, 21.793628698076226)",0.8749545353302859,0.9417
ONode0,91316,norm,"(138.44931506849315, 24.121627442811004)",0.8956183152991423,0.80926
ONode1,91316,lognorm,"(0.1317444736557883, -35.21608001919866, 156.89956181010592)",1.9759707564922986,0.71973
ONode3,91324,lognorm,"(0.03402119458286004, -599.0617668907246, 755.8029768518667)",0.28055111514166503,0.94029
ONode2,91324,lognorm,"(0.08677630513730425, -126.21532468871797, 265.05931564572415)",0.4998505305972965,0.94375
ONode0,91324,norm,"(149.13698630136986, 23.199737285057836)",0.9479306585106326,0.89981
ONode1,91324,lognorm,"(4.502909485858776, 79.99999999794795, 1.3118896405450684)",2.0739328317934245,0.39935
ONode3,91325,lognorm,"(0.07347014382914527, -188.09851204039703, 352.2016090155897)",0.9086214849109995,0.87153
ONode2,91325,lognorm,"(3.967251689521107, 80.99999983215051, 1.1491337274739555)",0.7866366740426463,0.91672
ONode0,91325,norm,"(158.93150684931507, 25.46742682793561)",1.5329061280196958,0.7625
ONode1,91325,lognorm,"(0.12798868780212114, -35.82891708147074, 176.71502710479393)",1.3509798181236516,0.66142
ONode3,91326,norm,"(257.2328767123288, 36.24449719138111)",0.5847075541652762,0.91804
ONode2,91326,lognorm,"(4.481265314161952, 132.9999999975082, 1.3127550087960702)",1.5099371513619473,0.2671
ONode0,91326,norm,"(244.36986301369862, 33.729100824762405)",1.1362905849998532,0.88477
ONode1,91326,lognorm,"(0.06468286151064043, -276.839970272998, 494.1777258156617)",2.1672889879761903,0.47449
ONode3,91331,norm,"(416.7068493150685, 51.174523650886115)",0.8657997429474682,0.88324
ONode2,91331,norm,"(373.05479452054794, 48.7090018433371)",0.6230048502209704,0.94875
ONode0,91331,norm,"(400.0082191780822, 51.85847377534481)",1.8071088240795001,0.5976
ONode1,91331,norm,"(355.2328767123288, 47.063268563593304)",0.8505988359915411,0.70211
ONode3,91335,lognorm,"(4.607056375526884, 215.99999999918938, 1.374019916143492)",1.2421908742209573,0.89516
ONode2,91335,lognorm,"(4.501561200593441, 189.99999999691642, 1.9474786322617597)",1.7725545125495474,0.6196
ONode0,91335,lognorm,"(4.515218730849549, 207.99999999729386, 1.9325999204495017)",1.8982187656743466,0.83113
ONode1,91335,norm,"(292.6575342465753, 38.3992077465655)",0.6486446855049578,0.99715
ONode3,91340,lognorm,"(0.15864477343805594, -22.419982238512645, 78.61253099702893)",1.6859290031994594,0.37407
ONode2,91340,norm,"(52.06849315068493, 12.85805410097701)",0.8694257525551272,0.35575
ONode0,91340,lognorm,"(3.1537380059481293, 23.99989051336196, 2.3076243789573576)",1.3572486825846244,0.76265
ONode1,91340,norm,"(47.824657534246576, 11.293928309651125)",1.0052014989590063,0.3588
ONode3,91342,lognorm,"(4.809415575271238, 241.99999999977553, 2.4893562450962574)",1.3527116713772813,0.78684
ONode2,91342,lognorm,"(0.057314285697825894, -490.2354200070375, 850.5986820112355)",0.23846263261085526,0.98667
ONode0,91342,norm,"(390.44109589041096, 48.68377084824576)",1.4095590539295813,0.88719
ONode1,91342,lognorm,"(0.06056522323569234, -404.7163748812933, 748.164975738692)",0.8435827512664377,0.97637
ONode3,91343,norm,"(242.85479452054796, 35.058124109165746)",0.9948711248306236,0.90338
ONode2,91343,lognorm,"(0.14002524491547713, -5.3965184234519725, 222.1617663567751)",0.3375442419125975,0.84214
ONode0,91343,lognorm,"(0.12828012180315926, -28.373037651018908, 262.1890426364772)",0.911391079075346,0.89097
ONode1,91343,norm,"(207.22739726027396, 30.99730991542442)",0.5594811007931453,0.83499
ONode3,91344,norm,"(342.3342465753425, 47.70058504330369)",2.58048301244779,0.85728
ONode2,91344,norm,"(309.5945205479452, 42.04641887056041)",0.9472995456126796,0.70533
ONode0,91344,lognorm,"(0.05856439483407744, -382.61508985710157, 709.9938048540744)",0.2965539680670325,0.91449
ONode1,91344,lognorm,"(4.6000051088731055, 194.9999999986482, 2.1554218646544516)",0.986107232381836,0.55726
ONode3,91345,lognorm,"(0.43999801964849505, 42.297029165294674, 55.79643445942598)",1.2225817608774452,0.71327
ONode2,91345,lognorm,"(3.2966268139124013, 45.99996652229493, 1.7628338250011693)",1.2984507085965222,0.61459
ONode0,91345,norm,"(97.4931506849315, 18.127647307979583)",1.1006894932157847,0.52486
ONode1,91345,norm,"(86.40547945205479, 16.958772655342873)",1.4059826120407894,0.4551
ONode3,91352,lognorm,"(0.007481381802162967, -5045.6969834733445, 5318.154306240446)",1.121809610158618,0.68089
ONode2,91352,lognorm,"(0.7251409652343854, 157.99878272783974, 76.06349942280866)",1.19410664482152,0.81705
ONode0,91352,lognorm,"(3.7628935997190442, 180.99999985162341, 0.20971155545494796)",2.000069013806162,0.88303
ONode1,91352,lognorm,"(3.855466967209539, 148.99999929350213, 2.0138683988753803)",0.44602817453712523,0.99045
ONode3,91356,lognorm,"(0.04682831779081298, -404.6290043969991, 566.1203130764941)",1.5586193199425318,0.94816
ONode2,91356,norm,"(144.76712328767124, 23.870610432275452)",2.5315113504161704,0.80895
ONode0,91356,lognorm,"(0.06496513933309189, -218.91133345927574, 373.48686366162474)",3.0243759663280243,0.75661
ONode1,91356,norm,"(138.0246575342466, 21.52824064875396)",1.945222458361837,0.28069
ONode3,91364,norm,"(229.23835616438356, 33.48589001616228)",1.7077681874716006,0.79093
ONode2,91364,lognorm,"(3.847493832597822, 138.99999931073378, 1.852238909216928)",2.6606100693509878,0.94906
ONode0,91364,lognorm,"(0.06567539043901657, -258.2046821151693, 474.9439222799982)",1.2771816065474828,0.61751
ONode1,91364,lognorm,"(3.85033126553878, 131.99999926536137, 2.0165049438935725)",0.8125008428681385,0.94204
ONode3,91367,lognorm,"(0.015767586256011254, -1791.710194237683, 2017.361040997107)",1.5842137615523753,0.88634
ONode2,91367,lognorm,"(0.0937375653949408, -123.1680836295915, 325.75334122582956)",0.8233698036336502,0.6899
ONode0,91367,lognorm,"(4.4890304409594854, 126.99999999659249, 1.9262464477740335)",1.2099637083095522,0.87738
ONode1,91367,lognorm,"(4.104344691548736, 123.99999989115288, 2.255333932684457)",1.407475665101786,0.83277
ONode3,91401,lognorm,"(4.4848537292827775, 124.99999999734554, 1.4012707908325486)",0.6612087651839231,0.60382
ONode2,91401,lognorm,"(0.5785389735513666, 118.87499558175767, 69.46524494557124)",1.4357618210485505,0.86454
ONode0,91401,lognorm,"(0.051711480252255776, -388.9424616142011, 593.4854321686656)",0.5472463152582075,0.98167
ONode1,91401,lognorm,"(3.6529962319119322, 119.99999941436049, 0.3662158985441025)",0.844013115455812,0.91783
ONode3,91402,lognorm,"(4.795992370690586, 93.99999999990325, 0.9648525047053674)",0.26837434199914995,0.99661
ONode2,91402,lognorm,"(0.046107189973749685, -426.9005513400145, 593.2258717978525)",1.7773339797678844,0.92246
ONode0,91402,lognorm,"(0.05902785008734468, -305.88857294276147, 485.0492175165768)",1.3125326364213497,0.51141
ONode1,91402,norm,"(159.77534246575343, 24.21567352069315)",1.4066516056491747,0.91268
ONode3,91403,lognorm,"(0.08718517576678503, -130.77690583648445, 282.72261783159314)",1.3071331804515955,0.80749
ONode2,91403,norm,"(137.04109589041096, 22.35653706377523)",0.9914281179230604,0.87574
ONode0,91403,lognorm,"(0.038346180424492234, -458.1877970274667, 604.7540230843949)",0.8229743966919404,0.74781
ONode1,91403,norm,"(129.1917808219178, 20.361969341368)",2.6283663447280743,0.59713
ONode3,91405,lognorm,"(3.992873853533588, 111.99999980263885, 1.6557642922806513)",1.5165279656263295,0.65767
ONode2,91405,lognorm,"(4.471238238742437, 90.99999999707438, 1.4085611888477185)",0.35430548124883554,0.99795
ONode0,91405,lognorm,"(3.9780786209615564, 101.99999990391481, 0.7158559983968535)",1.186522670914099,0.91962
ONode1,91405,lognorm,"(0.09902928673561864, -93.39032866994151, 247.09123242291128)",1.125318245453056,0.88965
ONode3,91406,norm,"(264.0986301369863, 36.02497038547236)",0.4736876519393702,0.91006
ONode2,91406,lognorm,"(0.07064037708366469, -271.4929062656016, 506.19020789726824)",0.557015842661357,0.90554
ONode0,91406,lognorm,"(4.433831247372021, 145.99999999608218, 1.3711119705091819)",2.2434588775677273,0.65684
ONode1,91406,lognorm,"(4.279983736651909, 139.9999999747509, 2.284072915578654)",4.086323882524254,0.57508
ONode3,91411,norm,"(111.87671232876713, 19.514480191294446)",0.764868094172108,0.88694
ONode2,91411,norm,"(99.28767123287672, 20.10607449412105)",1.5897786250805668,0.7659
ONode0,91411,norm,"(106.76986301369863, 18.71770596038924)",0.6975766818477299,0.43705
ONode1,91411,lognorm,"(0.13106337005223617, -41.988299920198834, 135.67863197559794)",1.3383561755306481,0.82861
ONode3,91423,norm,"(197.5917808219178, 29.783519178177926)",4.1604311985542575,0.47193
ONode2,91423,norm,"(177.17808219178082, 28.616090150474676)",2.0403322915480313,0.91012
ONode0,91423,lognorm,"(0.18979175074230886, 25.22491699075656, 160.59041898269805)",1.6527910847958653,0.82275
ONode1,91423,lognorm,"(4.677196190976023, 104.99999999940914, 1.8722353165649204)",1.5322693654304582,0.8927
ONode3,90402,norm,"(26.084931506849315, 7.659959426783292)",0.34058658646884404,0.13064
ONode2,90402,norm,"(23.276712328767122, 8.0921155699049)",1.9229115503159786,0.12036
ONode0,90402,norm,"(24.59178082191781, 7.909449064246268)",1.379824289913671,0.36344
ONode1,90402,norm,"(22.315068493150687, 7.752466178231529)",2.9004234195712235,0.18604
ONode3,90017,norm,"(54.18356164383562, 12.567701740601604)",0.6475928332121008,0.82329
ONode2,90017,lognorm,"(0.16752010180370164, -17.543266457217527, 64.057846038162)",1.9949791733991078,0.36233
ONode0,90017,norm,"(51.12328767123287, 11.305890337098868)",0.823090587626816,0.23862
ONode1,90017,lognorm,"(0.16314396998032854, -28.217869688153282, 72.51969002512783)",2.5785589849241686,0.71197
ONode3,91436,norm,"(125.10958904109589, 21.034454217180784)",0.23818573576225974,0.96978
ONode2,91436,norm,"(111.56164383561644, 20.104512068612422)",0.17303623356202036,0.84618
ONode0,91436,norm,"(119.67123287671232, 20.404172816927147)",0.7500620195142471,0.70432
ONode1,91436,lognorm,"(0.46058013128379494, 55.303818446360395, 46.298349665822926)",1.7781244583989009,0.57598
ONode3,91504,norm,"(25.024657534246575, 8.267576226654286)",1.2187462133262796,0.06148
ONode2,91504,lognorm,"(0.17378472939116718, -24.919024114533094, 46.998534772723985)",1.6509913620342322,0.21959
ONode0,91504,norm,"(24.145205479452056, 8.827308826712802)",1.6270004899929602,0.05524
ONode1,91504,norm,"(21.742465753424657, 7.920459337174888)",0.4220435065641334,0.15349
ONode3,91505,lognorm,"(0.6771809054112504, -0.21206244852780304, 3.9353466879732957)",57.15224572487322,0.00356
ONode2,91505,lognorm,"(0.6000635140862869, -0.4482288599747539, 4.079661368479497)",62.237831257245496,0.00047
ONode0,91505,lognorm,"(0.6880445739354522, -0.16443431174616346, 3.736957877117659)",66.89544680931056,0.00095
ONode1,91505,lognorm,"(0.7684793530109749, 0.14492313502934073, 3.0666376317232125)",85.83173881034719,0.00014
ONode3,90501,norm,"(91.3945205479452, 18.074062929997865)",0.9360688895465397,0.58699
ONode2,90501,norm,"(80.73972602739725, 17.21311016547488)",2.7293101738896866,0.19547
ONode0,90501,lognorm,"(0.11117109855681201, -61.592990721534505, 147.95348969447303)",1.695188735960755,0.60931
ONode1,90501,norm,"(78.74246575342465, 17.154079492503485)",0.3983279809267567,0.32705
ONode3,90502,expon,"(1.0, 1.9960474308300395)",184.39883825675142,0.0
ONode2,90502,lognorm,"(7.719601017826401, 0.9999999999999999, 2.6321079564584307)",213.26301765313045,0.0
ONode0,90502,expon,"(1.0, 2.3626373626373627)",177.1314959902789,0.0
ONode1,90502,expon,"(1.0, 2.0846774193548385)",172.10862904516188,0.0
ONode3,90001,norm,"(67.5123287671233, 15.177777060381798)",0.7923293069728581,0.44356
ONode2,90001,norm,"(60.602739726027394, 13.660802565752741)",1.3692531948495046,0.29372
ONode0,90001,norm,"(65.37260273972603, 12.80403682356352)",0.6529304953528139,0.3776
ONode1,90001,norm,"(58.31232876712329, 13.29562648459784)",5.218558245749635,0.10381
ONode3,90002,norm,"(198.19452054794522, 31.462401524702983)",4.810451202279894,0.69138
ONode2,90002,norm,"(177.35890410958905, 28.32859940068523)",0.2983283040251307,0.89888
ONode0,90002,lognorm,"(0.08791241396297605, -142.02638967593464, 329.02138655616466)",0.29205013140839886,0.93405
ONode1,90002,lognorm,"(4.010561353961597, 96.99999985763506, 1.3799100959771011)",2.011357442152801,0.55878
ONode3,90003,norm,"(414.32602739726025, 49.13286997128997)",1.400991436745708,0.68909
ONode2,90003,lognorm,"(4.62267788184622, 257.9999999993653, 1.2138412394614346)",2.4198898381646656,0.88093
ONode0,90003,norm,"(395.95616438356166, 50.95222846243378)",1.2205830003809797,0.79076
ONode1,90003,lognorm,"(0.028432757187393312, -1210.1995231268916, 1562.2393415569513)",0.5649575298377937,0.99409
ONode3,90004,lognorm,"(5.065915775461972, 141.99999999990033, 13.935614662490707)",0.5602813218386508,0.96896
ONode2,90004,lognorm,"(0.050471495395625426, -371.7596653879869, 592.7958006349936)",1.0308702586217549,0.99591
ONode0,90004,lognorm,"(0.12560193585027696, -21.777760057813175, 259.8751770190533)",1.1150446674593841,0.30379
ONode1,90004,norm,"(210.04657534246576, 29.57304438209136)",0.9652723538247746,0.69755
ONode3,90005,norm,"(90.7972602739726, 17.602381319308467)",2.396051363335399,0.52475
ONode2,90005,lognorm,"(0.17784738546701412, -5.673712613310242, 85.70711656306672)",2.693803347217795,0.94034
ONode0,90005,lognorm,"(0.10368686503111141, -87.75837036120583, 175.36083366851318)",1.3716472804937976,0.66944
ONode1,90005,lognorm,"(0.19927956875224914, -8.177955780701609, 83.62513475472932)",1.412891797977107,0.57346
ONode3,90006,norm,"(231.6958904109589, 31.841269156040912)",1.4638505413974359,0.97491
ONode2,90006,norm,"(205.13150684931506, 31.31080113303425)",1.2977495293962578,0.48188
ONode0,90006,lognorm,"(0.06869534175658853, -218.30888882030638, 440.91440423658037)",0.6915862834456606,0.64295
ONode1,90006,lognorm,"(0.5508359891472074, 118.82912771396786, 69.74348334545516)",1.8976119187298428,0.7396
ONode3,90007,lognorm,"(0.021039982204417315, -1321.6238771400494, 1545.517875981367)",0.9587497908990611,0.97276
ONode2,90007,lognorm,"(4.710649201894529, 117.9999999997074, 1.2674523736503391)",0.5466606966364567,0.99852
ONode0,90007,norm,"(215.96164383561643, 31.593976494301284)",0.9697493756430386,0.84424
ONode1,90007,lognorm,"(4.238119750631433, 121.99999997873286, 1.342273988644027)",1.036822957318965,0.87826
ONode3,90008,lognorm,"(0.03163682190661632, -669.6883070432114, 852.6757413172596)",0.9179756758019928,0.85014
ONode2,90008,lognorm,"(4.193184943468767, 103.99999996789896, 1.3876003615852313)",0.7697950838191263,0.61838
ONode0,90008,lognorm,"(0.06648683186785198, -226.71395008293428, 400.32698027205095)",1.3121098014130559,0.76417
ONode1,90008,norm,"(156.84931506849315, 23.282229823585755)",1.4723495405111506,0.8855
ONode3,90010,norm,"(15.142465753424657, 6.107841755183366)",2.332212511597726,0.02154
ONode2,90010,lognorm,"(0.2987008739413474, -7.1213064773789405, 19.98363857281611)",9.379020213618968,0.14692
ONode0,90010,lognorm,"(0.19862997139826055, -16.31853034104148, 30.81005072755935)",4.316743862326657,0.30072
ONode1,90010,lognorm,"(0.1373144453856775, -27.516470743938378, 40.08275265389323)",3.5835530995204086,0.16453
ONode3,90011,norm,"(539.7643835616439, 63.8449692719194)",1.825030790797596,0.51264
ONode2,90011,lognorm,"(0.059830168711611856, -509.4665137075491, 989.5897541910176)",0.558469357694711,0.80553
ONode0,90011,lognorm,"(0.021692211561830085, -2326.2020170438163, 2842.4718687804307)",0.9058584671929766,0.81574
ONode1,90011,lognorm,"(0.0402537874298281, -872.4533210197706, 1329.6501885115772)",2.0535670632993552,0.99536
ONode3,90012,lognorm,"(0.17671816533278842, -4.082552614917127, 125.33359229636287)",1.1564935951236546,0.86096
ONode2,90012,norm,"(110.81917808219178, 19.921631786153498)",1.8597031030447997,0.76485
ONode0,90012,lognorm,"(0.10745190199152566, -73.32681405811464, 189.50959706644414)",1.1950318176101837,0.88707
ONode1,90012,norm,"(103.4931506849315, 18.54570310804674)",1.1797649037956006,0.70517
ONode3,90013,norm,"(57.8027397260274, 13.492341537521728)",2.1497087480411556,0.26249
ONode2,90013,lognorm,"(0.24450746521508088, -1.6358899673408214, 51.716118199523876)",1.7581809223765914,0.32859
ONode0,90013,lognorm,"(0.14730592112052843, -35.232770449958835, 89.19538603662014)",1.3472659818828259,0.24233
ONode1,90013,norm,"(49.364383561643834, 11.722421670690881)",0.7607438258610392,0.28301
ONode3,90014,norm,"(37.33972602739726, 10.040994598528512)",2.2739828111022464,0.12683
ONode2,90014,lognorm,"(0.1627207713488774, -24.28195964643877, 57.2240535928419)",4.1896329910684775,0.67468
ONode0,90014,norm,"(36.42191780821918, 10.319156896846644)",0.6252204159268987,0.36514
ONode1,90014,lognorm,"(0.12755944320174362, -43.54741966906556, 75.53359925485827)",2.091320769146088,0.69724
ONode3,90015,lognorm,"(0.45627503260510593, 82.56900932233305, 51.943513563551164)",0.759697913213986,0.99856
ONode2,90015,norm,"(125.31780821917808, 21.988112245656826)",0.8446387828415962,0.76201
ONode0,90015,lognorm,"(0.0983272315188933, -94.30393312420046, 227.52732893170486)",0.9238189599202279,0.8832
ONode1,90015,lognorm,"(3.856637926563111, 48.99999941008177, 1.69996171482286)",3.716454528099279,0.39283
ONode3,91040,lognorm,"(0.022539966638943573, -1033.1583769999284, 1223.433522973128)",0.4213404678732596,0.90163
ONode2,91040,lognorm,"(0.07001328272266952, -213.6629412395356, 384.51695472511403)",2.617320606963385,0.48183
ONode0,91040,lognorm,"(0.1298805702912822, -34.41662282585598, 214.52387610896307)",1.1615458523588142,0.71763
ONode1,91040,norm,"(163.53424657534248, 25.866931442298494)",3.629347712944617,0.8425
ONode3,90016,norm,"(331.21643835616436, 42.57112988450577)",2.426594573206137,0.72869
ONode2,90016,lognorm,"(4.532252881907817, 191.9999999976527, 1.9579031967467009)",0.8827826407205672,0.54088
ONode0,90016,lognorm,"(0.09674429769739804, -116.3782061174762, 432.62461791741816)",2.1261894461617565,0.56145
ONode1,90016,lognorm,"(0.09508885638705436, -137.14752166748926, 417.1403738051421)",1.0139712534947252,0.86458
ONode3,90018,norm,"(307.5232876712329, 42.37145110381839)",0.9084355348146554,0.50093
ONode2,90018,lognorm,"(4.613932942219637, 163.99999999922028, 1.372378680853099)",1.5803712305494129,0.83099
ONode0,90018,lognorm,"(4.617369067323249, 180.9999999989141, 1.9709441347563548)",0.8702686110435788,0.99263
ONode1,90018,norm,"(264.43013698630136, 35.41044921601341)",1.5668626506614087,0.64198
ONode3,90019,lognorm,"(0.02495289065596481, -1702.4051083334698, 2110.0480469106187)",0.8227966889495083,0.97795
ONode2,90019,lognorm,"(5.047563471375199, 229.99999999998423, 1.8060957314440107)",0.4534872070867125,0.90561
ONode0,90019,lognorm,"(0.1500181706623069, 64.24319914321525, 323.6987746028692)",0.8212619108968903,0.91633
ONode1,90019,norm,"(348.5232876712329, 46.0358720182304)",1.694627857273653,0.22235
ONode3,91042,norm,"(240.3835616438356, 34.38892388465842)",1.83247197739988,0.496
ONode2,91042,norm,"(218.55890410958904, 32.996968875389264)",1.2349819317081574,0.91502
ONode0,91042,norm,"(230.7123287671233, 34.27674616199087)",1.0715812641194822,0.69966
ONode1,91042,norm,"(206.86575342465753, 30.16767851811069)",0.6229073321527117,0.86981
ONode3,90021,norm,"(134.0109589041096, 22.73009929914509)",0.8686416419646226,0.98427
ONode2,90021,norm,"(120.81095890410958, 20.78368407520758)",1.427620859075366,0.84346
ONode0,90021,lognorm,"(0.1219394760270664, -48.98789689970235, 176.43432465048625)",0.6016415425409654,0.81437
ONode1,90021,norm,"(115.89041095890411, 21.344763974946673)",0.5476088879014358,0.83862
ONode3,90020,norm,"(72.75342465753425, 15.079497849564104)",1.4789081125326335,0.26561
ONode2,90020,norm,"(65.3890410958904, 14.590929455253155)",4.724641007283924,0.21145
ONode0,90020,lognorm,"(0.0563142396309918, -191.9545058786779, 261.27689518494583)",0.45446365955883583,0.80027
ONode1,90020,lognorm,"(0.11793529635254305, -54.346404690822666, 115.01793907142276)",0.9004208643588157,0.42294
ONode3,90023,norm,"(171.72602739726028, 25.27604327560946)",0.6224294472567532,0.72214
ONode2,90023,norm,"(155.2164383561644, 24.18931618404455)",2.048013238400049,0.70897
ONode0,90023,norm,"(167.23287671232876, 25.838550654858803)",4.245559733884033,0.4557
ONode1,90023,lognorm,"(4.238249940429862, 90.9999999840426, 1.009084760062311)",1.021841740495607,0.88141
ONode3,90024,norm,"(122.4904109589041, 22.399560687861605)",1.1542709323110663,0.36292
ONode2,90024,lognorm,"(0.11201663623360998, -59.213507819975376, 168.75040563134507)",1.1199435848612929,0.69885
ONode0,90024,lognorm,"(0.09417209000485038, -108.74736876914503, 226.82040711305956)",1.3907776590649283,0.86313
ONode1,90024,lognorm,"(0.13056203906147307, -41.17380705317189, 144.95370158125553)",1.4103970567172492,0.51571
ONode3,90025,norm,"(169.51232876712328, 26.46782458783608)",0.7386439877750112,0.77772
ONode2,90025,norm,"(153.25753424657535, 24.80950943294973)",0.6683551311036964,0.9634
ONode0,90025,lognorm,"(0.1394772304117584, -22.93787054849448, 185.6065007278491)",0.9852384664658602,0.86377
ONode1,90025,norm,"(144.16164383561645, 23.342680235685783)",0.5770115278490197,0.84706
ONode3,90026,norm,"(461.613698630137, 55.86330016655136)",3.778289772644219,0.81449
ONode2,90026,lognorm,"(0.06178951894636812, -404.9086605312318, 811.2791110903333)",0.824605076460935,0.97352
ONode0,90026,lognorm,"(0.7494037505479514, 313.30850452403797, 106.89379101248284)",1.0795727776521873,0.78711
ONode1,90026,lognorm,"(4.89372554917391, 262.9999999999499, 1.2960452280549575)",0.7503849358409377,0.85796
ONode3,90027,norm,"(293.76438356164385, 40.93354912291488)",1.1421963558530974,0.86526
ONode2,90027,lognorm,"(4.481331703673736, 166.99999999742226, 1.3584520637435018)",0.5549474184576983,0.81368
ONode0,90027,norm,"(281.8876712328767, 39.396766243782686)",0.9432901708392472,0.93054
ONode1,90027,lognorm,"(0.09817726964722129, -113.47937477375737, 359.89743045999967)",2.2424626935540424,0.71056
ONode3,90028,norm,"(138.48767123287672, 23.679202742534414)",0.9005712379661464,0.69159
ONode2,90028,lognorm,"(3.616666166937589, 61.999995630958736, 2.0950301296615788)",2.442247724110083,0.48424
ONode0,90028,norm,"(131.23287671232876, 22.998582772265454)",0.8228528964416195,0.40543
ONode1,90028,norm,"(117.6, 21.598427137051452)",1.1620222787625105,0.63031
ONode3,90029,norm,"(181.07397260273973, 27.34533106023348)",2.336328809170099,0.68627
ONode2,90029,lognorm,"(4.137291165634471, 101.9999999515405, 1.3152581819496396)",3.238678150182484,0.475
ONode0,90029,lognorm,"(0.5560371967075717, 113.90693217772983, 51.59861687394415)",0.7305437352881831,0.86156
ONode1,90029,lognorm,"(3.834189951597511, 75.99999943614328, 1.368160914258755)",0.6176789271311449,0.96545
ONode3,90031,lognorm,"(4.322257062065633, 153.99999998554142, 1.877684003760232)",1.688981989140606,0.40627
ONode2,90031,lognorm,"(4.27208477828785, 142.9999999858498, 1.1938457263970585)",2.843912843126196,0.91277
ONode0,90031,lognorm,"(5.108535317633218, 163.99999999999503, 1.071740121485889)",0.8381203901604892,0.9232
ONode1,90031,lognorm,"(0.020916809497064974, -1259.6109892886514, 1473.6940647128945)",0.6980574947916719,0.89028
ONode3,90032,norm,"(335.25479452054793, 42.466273615903624)",0.40905120063918016,0.84473
ONode2,90032,lognorm,"(4.608187076536078, 179.999999999142, 1.3745010335975176)",1.1764338836074495,0.9203
ONode0,90032,norm,"(319.78356164383564, 42.53140343000278)",1.0310696452808314,0.87136
ONode1,90032,lognorm,"(0.42536649993410114, 174.80534685372572, 110.37701097146936)",1.3055264023282862,0.69719
ONode3,90033,lognorm,"(0.07226788430414299, -232.07382754865466, 480.2235937351235)",0.33294834806383045,0.98753
ONode2,90033,lognorm,"(0.0737735478879746, -232.5694653679634, 456.1541200529007)",0.6365916034808446,0.96808
ONode0,90033,lognorm,"(0.05445616039468905, -393.8549085079342, 630.6835359130018)",0.579309594983527,0.78486
ONode1,90033,norm,"(209.44383561643835, 29.480994510749483)",1.4411034516400092,0.89985
ONode3,90034,lognorm,"(5.286146037077083, 104.99999999999912, 1.1963081469613952)",2.432906565060572,0.36809
ONode2,90034,lognorm,"(0.1698319428228115, 24.199428024347924, 161.32710809401027)",2.01525628874025,0.72091
ONode0,90034,norm,"(197.35890410958905, 28.050540666371056)",0.8329455229318522,0.93531
ONode1,90034,lognorm,"(0.11275183126139451, -63.47617400407411, 238.4237631309755)",0.6673109303573056,0.98683
ONode3,90035,norm,"(172.66301369863012, 25.934456409837953)",0.7483184684349947,0.83652
ONode2,90035,lognorm,"(0.10518758153011168, -77.39832059102034, 230.0707073633801)",2.7478501505294415,0.4488
ONode0,90035,lognorm,"(3.9746314751801486, 102.99999977153925, 1.6550499566149655)",1.3509587509553806,0.86572
ONode1,90035,lognorm,"(0.1702960332554596, 13.711180847735186, 132.61850217623487)",1.317248843650915,0.78511
ONode3,90036,norm,"(212.76438356164383, 30.323901553756592)",0.8430959248319483,0.93606
ONode2,90036,norm,"(192.36438356164385, 27.359631145189542)",1.7990564011993568,0.40209
ONode0,90036,norm,"(201.6958904109589, 29.09772122300219)",1.5587209672127684,0.74328
ONode1,90036,lognorm,"(0.06516614214263114, -237.58082938980579, 420.0920698523262)",2.9944717066584494,0.56115
ONode3,90037,norm,"(348.33972602739726, 46.13582906172393)",1.4011884586310581,0.79961
ONode2,90037,norm,"(311.15890410958906, 40.78244262174943)",0.6789710119902942,0.78545
ONode0,90037,lognorm,"(4.441893545975662, 235.99999999619064, 1.4109618018384937)",1.256881080173429,0.62446
ONode1,90037,lognorm,"(4.508512369525466, 182.9999999978404, 1.4534564429409964)",0.965734677017497,0.97428
ONode3,90038,norm,"(158.8794520547945, 26.02941938792256)",0.988633736786997,0.72399
ONode2,90038,norm,"(143.1041095890411, 24.326548090828414)",0.5869820603800414,0.87571
ONode0,90038,lognorm,"(4.009101042398049, 73.99999989285422, 1.0239621490280877)",0.4751571550497187,0.74421
ONode1,90038,lognorm,"(0.10653307868216041, -91.44044834163282, 226.74689558385842)",1.1010555172510348,0.96851
ONode3,90039,lognorm,"(0.03190159732906811, -895.0153446128081, 1163.6645203246803)",1.6729852791103736,0.82574
ONode2,90039,lognorm,"(0.13373622945773592, -13.345768782473247, 251.91055765088996)",1.3316709231850397,0.65835
ONode0,90039,norm,"(257.9013698630137, 36.447013494167436)",2.0322838213081247,0.79873
ONode1,90039,norm,"(226.26301369863015, 31.92554483224098)",2.023408489229541,0.81604
ONode3,90041,lognorm,"(0.16772438780389748, 2.2930367134447636, 201.67870563771032)",2.7225806608786933,0.51695
ONode2,90041,lognorm,"(0.06745455986591749, -238.60012259745997, 421.0112056417824)",0.5392609485715829,0.71132
ONode0,90041,lognorm,"(3.5786787074738875, 130.99999501858593, 1.8419090659620116)",1.5072596839260295,0.714
ONode1,90041,lognorm,"(3.956045304370157, 111.9999997095901, 1.8177627789746758)",1.859112002346769,0.82831
ONode3,90042,lognorm,"(0.013442563361761195, -3052.1238649361258, 3428.7706194945367)",0.483233384524307,0.74208
ONode2,90042,lognorm,"(0.034446654584351255, -894.5456574590031, 1229.5881081573075)",1.1853703731979397,0.98113
ONode0,90042,norm,"(356.013698630137, 44.742824679413545)",1.8726250810096452,0.55395
ONode1,90042,lognorm,"(5.034807217684376, 216.99999999999181, 0.8583390437644138)",1.233169391163602,0.75633
ONode3,90043,norm,"(256.35890410958905, 35.11413810261381)",2.9960901670295836,0.69861
ONode2,90043,norm,"(227.92054794520547, 32.82309143281)",0.8695721671535775,0.6817
ONode0,90043,norm,"(245.1150684931507, 33.96812232938921)",3.750176689366516,0.20844
ONode1,90043,lognorm,"(4.287122175779775, 144.99999998579125, 1.363645526537577)",1.5258513218465526,0.91482
ONode3,90044,norm,"(365.85205479452054, 49.89122444478325)",1.176848314833893,0.7472
ONode2,90044,lognorm,"(4.335028556958319, 207.9999999881416, 1.7581926589623424)",0.9051863952169805,0.99898
ONode0,90044,lognorm,"(4.287096975396183, 252.99999998489739, 1.4461674353866356)",1.0879114170678994,0.93433
ONode1,90044,norm,"(311.613698630137, 42.68144287359777)",1.4629179911078785,0.82145
ONode3,90045,norm,"(323.2246575342466, 41.01832460803148)",0.5219168122770812,0.97455
ONode2,90045,lognorm,"(0.0902719419279672, -143.70896147820875, 429.0414735274293)",0.9822312222059657,0.78399
ONode0,90045,lognorm,"(4.408491884044826, 218.9999999954976, 1.24188119997447)",1.107310320704447,0.98852
ONode1,90045,norm,"(271.7972602739726, 33.67487569045911)",3.3110722661737424,0.27243
ONode3,90046,lognorm,"(0.02242774151845002, -1371.523132428967, 1630.856402863565)",1.3568240749623126,0.59314
ONode2,90046,norm,"(232.16712328767125, 33.07297060856812)",0.9100572827355208,0.95419
ONode0,90046,lognorm,"(0.6217664818682804, 145.98891960634944, 84.83181051472229)",0.2693632482669427,0.99068
ONode1,90046,lognorm,"(0.03890208380198586, -586.2950407009623, 806.8450583796371)",1.005486672936354,0.76149
ONode3,90047,norm,"(279.9506849315068, 38.99965269704043)",1.3978674803221451,0.64403
ONode2,90047,lognorm,"(1.2761532882796578, 163.99983759759664, 80.11584660194583)",1.1335714800539722,0.95568
ONode0,90047,lognorm,"(0.023882152539155235, -1341.379620531971, 1606.45558588923)",0.4404885135074776,0.96154
ONode1,90047,lognorm,"(4.627921521456628, 149.99999999932965, 1.3914821191235003)",1.382635010241771,0.89036
ONode3,90048,norm,"(139.15890410958903, 21.967771135507533)",0.9953894309380339,0.54554
ONode2,90048,norm,"(125.17260273972603, 21.96735598205174)",0.9609853622469593,0.22723
ONode0,90048,lognorm,"(4.389234667082144, 78.99999999538731, 1.1175060619244572)",0.935993401591912,0.73115
ONode1,90048,lognorm,"(0.22759135632907557, 29.51471723859821, 86.51136204242854)",1.3711316301080145,0.49126
ONode3,90049,lognorm,"(0.03267565741491163, -790.5074700280434, 1036.3647196557718)",1.3342132215956575,0.76925
ONode2,90049,lognorm,"(0.15422088343894175, 5.326950703939839, 212.80174953336413)",0.8508241737133866,0.79487
ONode0,90049,norm,"(233.93698630136987, 33.39910386317013)",1.0150368621646249,0.98591
ONode1,90049,norm,"(207.36986301369862, 29.34849969296233)",1.2542192480087453,0.68533
ONode3,90056,lognorm,"(0.5333748334085023, -1.436813168264975, 6.442299433549735)",5.6175545340196775,0.00852
ONode2,90056,lognorm,"(0.5474779322550359, -1.112227035616185, 5.7006455201657396)",35.320670444746035,0.00053
ONode0,90056,lognorm,"(0.5087298541486978, -1.5194957261159825, 6.692114788198218)",7.612272131810726,0.01342
ONode1,90056,lognorm,"(0.5569598783395355, -0.9232481740369637, 5.501965653221479)",18.719737619338535,0.00552
ONode3,90057,lognorm,"(3.7161626180331373, 44.99999829945578, 1.6932540948076302)",1.3127141602816195,0.77249
ONode2,90057,lognorm,"(0.1658623159882809, -17.502750570407095, 94.42693390219938)",1.3234413617050944,0.61854
ONode0,90057,lognorm,"(0.1392813639114499, -38.814806870790385, 121.7819706928842)",1.1583592358968264,0.48494
ONode1,90057,lognorm,"(0.10791682554622564, -82.8061316237143, 154.7280411294133)",1.7914291097223607,0.5206
ONode3,90058,norm,"(46.35068493150685, 11.761687551172951)",0.7713181908268615,0.21374
ONode2,90058,norm,"(43.35890410958904, 11.251786288826995)",0.8792910564461941,0.44982
ONode0,90058,lognorm,"(0.1514960300920452, -30.593801936302405, 75.87200631226852)",2.06052000842124,0.53098
ONode1,90058,lognorm,"(0.22854590674592523, -7.865617218522784, 46.962136379294975)",3.1826213589820287,0.78747
ONode3,90059,norm,"(163.77260273972604, 25.682152324528147)",1.072796648664093,0.85865
ONode2,90059,norm,"(145.9095890410959, 24.054619152479606)",3.7212790917767458,0.67519
ONode0,90059,lognorm,"(0.1384499786633614, -31.161941004369638, 186.06191403196755)",1.4473988312206358,0.37584
ONode1,90059,lognorm,"(3.9304890290924233, 84.99999974243573, 1.3193431673213405)",1.1026823618278918,0.56029
ONode3,90061,norm,"(97.4931506849315, 18.991651581661134)",2.2066126769938785,0.5818
ONode2,90061,norm,"(87.67671232876712, 17.846058008745008)",1.0950984084177398,0.86867
ONode0,90061,lognorm,"(0.11789811525265714, -61.87658728982021, 154.45282396887373)",1.7336418937872995,0.6825
ONode1,90061,lognorm,"(0.15987509725001964, -22.713787224741615, 103.92188036409325)",0.5124106351943851,0.9237
ONode3,90062,lognorm,"(4.881071772187045, 109.99999999992967, 1.5500214976978914)",0.9922302690167196,0.73089
ONode2,90062,norm,"(195.33972602739726, 29.661740218700107)",0.3178651012608126,0.94805
ONode0,90062,norm,"(210.72328767123287, 29.218921063162604)",0.9259165627095702,0.99921
ONode1,90062,lognorm,"(0.08935729560955338, -118.72492763426374, 304.6465372499248)",1.090647887293817,0.94453
ONode3,90063,norm,"(79.73150684931507, 16.957617407535885)",1.1954741973625564,0.92685
ONode2,90063,lognorm,"(0.12040111852211885, -53.09401466641518, 122.80673960108572)",1.2412385934425352,0.35726
ONode0,90063,norm,"(75.4958904109589, 15.704919727882187)",2.5671027684131236,0.86519
ONode1,90063,norm,"(66.96712328767123, 14.369450612414115)",1.0325323265118278,0.79083
ONode3,90064,norm,"(208.07945205479453, 30.027963948257266)",1.8759111890157556,0.60185
ONode2,90064,lognorm,"(0.296733770210713, 84.92075300866767, 94.39627354277681)",1.209471370238573,0.81774
ONode0,90064,norm,"(198.3178082191781, 29.36726041422987)",0.7400103879850289,0.84364
ONode1,90064,lognorm,"(0.08195189983260562, -159.42771704414315, 334.6282435254908)",1.917982905738024,0.81204
ONode3,91601,norm,"(206.97260273972603, 31.499150935606213)",0.7809083034838078,0.91643
ONode2,91601,lognorm,"(0.08286000078648217, -168.8015647981785, 352.19548471227085)",1.3693601986776534,0.70428
ONode0,91601,norm,"(198.6054794520548, 29.158949801686084)",1.7107280908319613,0.35358
ONode1,91601,lognorm,"(0.6272568966187726, 86.99758026833311, 83.67363642623738)",1.5114688373901524,0.77272
ONode3,90066,norm,"(316.1178082191781, 42.968989590505544)",2.9069248771245686,0.55476
ONode2,90066,lognorm,"(0.4066790198233037, 175.27569786494803, 97.85596174599456)",2.9519768481112147,0.70689
ONode0,90066,norm,"(303.31780821917806, 39.48098672784554)",0.7536805485154187,0.87388
ONode1,90066,lognorm,"(4.2904898650481815, 176.99999998096354, 1.8837560993836857)",2.3815767363707763,0.60524
ONode3,90065,norm,"(387.3945205479452, 46.26348567673977)",0.5506988556245815,0.91433
ONode2,90065,lognorm,"(0.12137764851710492, -22.307429756321145, 365.6196599240469)",2.384172735916249,0.41438
ONode0,90065,norm,"(371.1013698630137, 48.569883258736695)",1.1643598575406777,0.91075
ONode1,90065,lognorm,"(0.1579842242400969, 53.276167275448586, 271.6448016495018)",4.386856028607228,0.84247
ONode3,91604,norm,"(228.94794520547944, 33.72564614809606)",1.1777429854637151,0.82871
ONode2,91604,lognorm,"(4.15154014573739, 129.99999992959138, 2.1496141425557083)",0.5369074606303611,0.95273
ONode0,91604,lognorm,"(0.10448950640262514, -76.23527488508779, 294.5774827939408)",1.426890061639252,0.72955
ONode1,91604,norm,"(195.26301369863015, 28.42373842382655)",0.9575849754326569,0.65788
ONode3,91605,lognorm,"(3.250117321221274, 146.99996208330617, 1.4653909115137744)",1.844902523599244,0.54084
ONode2,91605,lognorm,"(4.999843804243312, 143.99999999999375, 0.44010911761288496)",1.785497134378951,0.61887
ONode0,91605,lognorm,"(4.347013207867624, 143.99999995879057, 6.632428404030393)",2.3165859676864615,0.78876
ONode1,91605,lognorm,"(4.966742442707767, 102.99999999997107, 1.4949439465224887)",4.513718756950214,0.40406
ONode3,91606,norm,"(211.62739726027397, 30.27243087873747)",1.2822388164620802,0.87349
ONode2,91606,lognorm,"(0.038524948917369684, -520.9302561186797, 707.2842508551914)",1.6607894550525375,0.62279
ONode0,91606,lognorm,"(0.13566038777099587, -28.792744338904527, 227.32148984527151)",1.4143553481305058,0.94913
ONode1,91606,lognorm,"(0.5855799906594346, 117.69183144105179, 53.27081092638633)",4.666213838587621,0.38688
ONode3,90068,lognorm,"(0.054515374061976124, -429.34986750933183, 677.7010677539022)",1.2914039101262482,0.95639
ONode2,90068,norm,"(222.37534246575342, 32.44280860779734)",1.368656803644526,0.97989
ONode0,90068,lognorm,"(0.17733769000080873, 55.37104007582688, 180.05645637436646)",1.2165604544205506,0.80889
ONode1,90068,lognorm,"(4.18549806688875, 134.99999994648442, 2.166376389672698)",1.0613618175023978,0.94299
ONode3,91607,lognorm,"(4.247705697839477, 77.9999999796031, 1.4960954772124126)",1.6198515321935079,0.98366
ONode2,91607,norm,"(132.33698630136988, 21.83685151454544)",2.0761456881564784,0.42557
ONode0,91607,lognorm,"(0.05395772655427507, -286.9957202050925, 428.530442888092)",0.6105022442294163,0.94657
ONode1,91607,norm,"(127.46575342465754, 21.080980320698238)",1.4344154592795444,0.42627
ONode3,91602,norm,"(109.6109589041096, 19.791430009482106)",0.7638375872372583,0.44545
ONode2,91602,lognorm,"(3.59266205938411, 48.99999497482155, 2.0298081439025593)",1.2911441300102124,0.8446
ONode0,91602,lognorm,"(3.638725044334877, 54.99999661083049, 1.9079072885435213)",0.4956351862969784,0.80057
ONode1,91602,norm,"(94.98904109589041, 17.482198865208424)",2.331302258506167,0.41418
ONode3,90067,norm,"(11.635616438356164, 5.526161189896299)",3.3881478465847454,0.00158
ONode2,90067,norm,"(10.582417582417582, 4.9935473397591945)",4.0902676527928,0.02646
ONode0,90067,norm,"(11.526027397260274, 5.198261758926525)",4.154622662717442,0.00094
ONode1,90067,lognorm,"(0.364849689593979, -3.9278375505361005, 13.502823261022698)",14.555123672728108,0.17413
ONode3,90069,norm,"(71.75890410958904, 14.836901751832986)",1.453545269868203,0.73386
ONode2,90069,lognorm,"(0.2082430089188969, -6.662439632050877, 68.67918321854847)",0.7882559886874034,0.81879
ONode0,90069,norm,"(70.33424657534246, 14.654301525472803)",0.7508485905355093,0.38493
ONode1,90069,norm,"(59.989041095890414, 12.638488309593667)",0.7485262782544834,0.39413
ONode3,90071,lognorm,"(0.7857570807886463, 0.15565744093646494, 3.2834719489185726)",82.71722217797998,0.00014
ONode2,90071,lognorm,"(0.8100042301540511, 0.2675135034399774, 2.840915885441273)",87.18558449983617,6e-05
ONode0,90071,lognorm,"(0.782787498663468, 0.09782386815631425, 3.371079417436862)",66.05337489564774,0.00033
ONode1,90071,lognorm,"(0.6491110034513787, -0.31736839388215765, 3.8998171081852355)",66.88684810854265,0.00067
ONode3,90077,lognorm,"(4.080675304308561, 107.99999986995877, 2.216134854673413)",2.073118951229365,0.72239
ONode2,90077,norm,"(156.96712328767123, 24.782207795742806)",2.422476593261135,0.72225
ONode0,90077,lognorm,"(0.0793354304380352, -178.90063960629436, 344.770446064756)",0.7588169566031283,0.84486
ONode1,90077,lognorm,"(3.8810957383904463, 95.99999962546283, 1.3053433197446538)",1.0870160368374604,0.86286
ONode3,90089,lognorm,"(0.5479536992096776, -1.1350224101566044, 5.434336262914684)",55.08938374077914,9e-05
ONode2,90089,lognorm,"(0.709720110989302, -0.14631818890243972, 3.8173878578078426)",70.76727970250646,1e-05
ONode0,90089,lognorm,"(0.531067333667645, -0.880964471965187, 5.12193750357116)",21.71256467868774,0.00404
ONode1,90089,lognorm,"(0.6926195249772387, -0.12915783764548028, 3.8003651080359115)",60.49826119049251,0.0007
ONode3,90094,norm,"(15.42032967032967, 5.901827236244916)",2.8542606725715562,0.03715
ONode2,90094,lognorm,"(0.26703543639431376, -10.015816825686763, 22.842285315042435)",6.1202310371891375,0.22838
ONode0,90094,norm,"(14.901369863013699, 6.390585823269352)",3.9750781970035636,0.00228
ONode1,90094,norm,"(12.816438356164383, 5.784414906267001)",6.997064129082383,0.00083
